Answer,Chunk
"负载测试：（LoadTesting）：在一定软硬件环境下，通过不断加大负载（不同虚拟用户数）来确定在满足性能指标情况下能够承受的最大用户数。
","['通过不断加大负载（不同虚拟用户数）来确定', 'Testing）：模拟用户负载来测试系统在负载情况下，系统的响应时间，吞吐量，', '预期的性能指标不一定达到系统的最大负载。', ' 基于所测试环境的硬件配置，获取性能数据。', ' 负载测试：（Load Testing）：在一定软硬件环境下，', '在满足性能指标情况下能够承受的最大用户数。']"
"底层组件的开发者们的工作就是要让依赖其组件功能的用户相信，如果他们购买支持，就能更加放心，避免任何隐藏的陷阱。
","['就能更加放心，避免任何隐藏的陷阱。', '不希望在基础软件 领域投入太多，这时候，他们就会购买开源软件的服务。', ' 开发团队 • 避免期待购买统包式平台。与一些供应商声 称的相反，', '力求帮助开 发者跳过对底层逻辑的学习过程。', '帮 助开发者屏蔽底层硬件技术细节。', '底层组件的开发者们的工作就是要让依赖其组件功能的用户相信，如果他们购买支 持，']"
"APS7.2新增预置DeepSpeed、HuggingFace和ColossalAI深度学习分布式框架，支持基于DeepSpeed、HuggingFace和ColossalAI框架开发算子，结合分布式计算实现快速、高效地训练大规模参数模型。
","['实现快速、高效地训练大规模参数模型。', ' 支持大模型全流程开发与应用 分布式深度学习加速框架', '结合分布式计算实现快速、高效地训练大规模参数模型 DeepSpeed', '结合分布式计算实现快速、高效地训练大规模参数模型 DeepSpeed', '结合分布式计算实现快速、高效地训练大规模参数模型。', '结合分布式计算快速实、高效地训练大规模参数模型。']"
"由于产品升级、迭代或其他原因，文档内容会存在与新的产品或者产品新的版本的不适配、不对应或其他异常情形。
","['文档内容会存在与新的产品或者产品新的版本的不适配、不对应或其他异常情形。', '文档内容会存在与新的产品或者产品新的版本的不适配、不对应或其他异常情形。', '文档内容会存在与新的产品或者产品新的版本的不适配、不对应或其他异常情形。', '文档内容会存在与新的产品或者产品新的版本的不适配、不对应或其他异常情形。', '文档内容会存在与新的产品或者产品新的版本的不适配、不对应或其他异常情形。', '文档内容会存在与新的产品或者产品新的版本的不适配、不对应或其他异常情形。']"
"根据Gartner预测，到2026年，80%的软件工程组织将建立平台团队，其中75%将包含开发者自助服务门户，也有研究表明平台工程可以在DevOps的基础上优化开发者体验和加速团队的业务价值。
","['也有研究表明平台工程可以在DevOps的基础上优化开发者体验和加', '其中75%将包含开 发者自助服务门户，', '其中75%将包含开发者⾃自助服务⻔门户，', '其中75%将包含开发者⾃自助服务⻔门户，', '也有研究表明平台⼯工程可以在DevOps的基础上优化开发者体验和加速', '也有研究表明平台⼯工程可以在DevOps的基础上提升开发者体验和加速团队的业']"
